CallInterval,CallsOffered,AverageHandlingTime,CallDay
21600,13,136,1
22500,5,324,1
23400,21,110,1
24300,20,144,1
25200,29,162,1
26100,37,132,1
27000,30,314,1
27900,60,153,1
28800,95,147,1
29700,80,150,1
30600,84,164,1
31500,80,155,1
32400,91,170,1
33300,108,174,1
34200,93,133,1
35100,89,263,1
36000,100,135,1
36900,87,185,1
37800,103,133,1
38700,111,212,1
39600,88,131,1
40500,90,164,1
41400,85,178,1
42300,104,191,1
43200,89,99,1
44100,107,144,1
45000,97,130,1
45900,96,187,1
46800,104,194,1
47700,109,159,1
48600,117,175,1
49500,92,146,1
50400,77,204,1
51300,111,186,1
52200,106,130,1
53100,109,154,1
54000,88,181,1
54900,90,190,1
55800,98,154,1
56700,100,113,1
57600,67,164,1
58500,96,167,1
59400,89,169,1
60300,83,230,1
61200,93,133,1
62100,93,144,1
63000,91,148,1
63900,97,121,1
64800,120,144,1
65700,108,172,1
66600,127,146,1
67500,160,145,1
68400,128,154,1
69300,125,139,1
70200,107,175,1
71100,98,163,1
72000,86,164,1
72900,71,182,1
73800,72,136,1
74700,51,106,1
75600,56,91,1
76500,38,178,1
77400,38,127,1
78300,29,118,1
79200,21,147,1
80100,21,112,1
81000,10,173,1
81900,9,124,1
82800,4,222,1
83700,7,61,1
84600,1,0,1
85500,6,89,1
21600,4,48,2
22500,8,170,2
23400,16,54,2
24300,20,122,2
25200,29,137,2
26100,37,117,2
27000,34,95,2
27900,40,108,2
28800,75,133,2
29700,54,302,2
30600,58,99,2
31500,70,170,2
32400,84,110,2
33300,96,108,2
34200,85,170,2
35100,91,141,2
36000,85,164,2
36900,108,164,2
37800,116,134,2
38700,99,141,2
39600,100,84,2
40500,97,140,2
41400,89,151,2
42300,91,114,2
43200,80,186,2
44100,102,159,2
45000,71,120,2
45900,77,201,2
46800,112,154,2
47700,103,185,2
48600,95,224,2
49500,85,150,2
50400,61,279,2
51300,95,129,2
52200,84,191,2
53100,75,171,2
54000,94,187,2
54900,103,150,2
55800,89,135,2
56700,109,136,2
57600,83,156,2
58500,86,158,2
59400,108,147,2
60300,96,159,2
61200,99,138,2
62100,118,171,2
63000,85,142,2
63900,96,126,2
64800,113,129,2
65700,107,105,2
66600,118,112,2
67500,111,203,2
68400,117,171,2
69300,78,180,2
70200,83,183,2
71100,77,150,2
72000,98,96,2
72900,80,102,2
73800,69,95,2
74700,53,81,2
75600,53,129,2
76500,19,137,2
77400,25,119,2
78300,24,109,2
79200,21,63,2
80100,20,42,2
81000,17,154,2
81900,7,126,2
82800,6,57,2
83700,7,131,2
84600,6,76,2
85500,1,136,2
21600,2,55,3
22500,8,60,3
23400,11,117,3
24300,15,67,3
25200,36,166,3
26100,28,113,3
27000,39,123,3
27900,49,101,3
28800,55,152,3
29700,54,203,3
30600,57,125,3
31500,76,134,3
32400,77,94,3
33300,69,136,3
34200,77,152,3
35100,84,167,3
36000,91,132,3
36900,103,132,3
37800,121,131,3
38700,104,120,3
39600,89,171,3
40500,93,157,3
41400,88,155,3
42300,106,158,3
43200,76,190,3
44100,103,148,3
45000,98,193,3
45900,126,146,3
46800,111,151,3
47700,106,188,3
48600,144,91,3
49500,141,93,3
50400,121,201,3
51300,137,159,3
52200,140,123,3
53100,133,194,3
54000,134,111,3
54900,135,144,3
55800,118,167,3
56700,110,179,3
57600,103,150,3
58500,126,190,3
59400,137,202,3
60300,134,165,3
61200,117,133,3
62100,95,202,3
63000,129,136,3
63900,114,199,3
64800,132,179,3
65700,130,158,3
66600,162,151,3
67500,168,122,3
68400,192,154,3
69300,155,133,3
70200,159,136,3
71100,109,150,3
72000,86,166,3
72900,99,142,3
73800,81,184,3
74700,64,141,3
75600,56,123,3
76500,43,108,3
77400,37,117,3
78300,30,112,3
79200,23,113,3
80100,9,154,3
81000,8,57,3
81900,3,297,3
82800,6,87,3
83700,10,55,3
84600,1,147,3
85500,4,9,3
21600,8,162,4
22500,10,124,4
23400,17,114,4
24300,19,142,4
25200,29,158,4
26100,52,186,4
27000,44,170,4
27900,68,113,4
28800,101,107,4
29700,71,139,4
30600,76,230,4
31500,79,128,4
32400,88,143,4
33300,99,159,4
34200,89,131,4
35100,86,138,4
36000,86,256,4
36900,86,150,4
37800,122,220,4
38700,125,217,4
39600,98,168,4
40500,89,222,4
41400,99,168,4
42300,100,185,4
43200,80,233,4
44100,96,177,4
45000,102,193,4
45900,97,152,4
46800,102,169,4
47700,104,220,4
48600,115,133,4
49500,124,193,4
50400,115,157,4
51300,130,152,4
52200,134,168,4
53100,115,195,4
54000,116,254,4
54900,128,117,4
55800,123,134,4
56700,99,209,4
57600,129,131,4
58500,133,243,4
59400,127,203,4
60300,128,107,4
61200,147,153,4
62100,113,181,4
63000,114,158,4
63900,118,133,4
64800,134,159,4
65700,118,159,4
66600,112,114,4
67500,160,137,4
68400,150,142,4
69300,134,187,4
70200,119,192,4
71100,105,199,4
72000,101,145,4
72900,84,162,4
73800,79,135,4
74700,62,91,4
75600,58,131,4
76500,36,136,4
77400,29,248,4
78300,26,90,4
79200,34,155,4
80100,19,134,4
81000,19,90,4
81900,16,243,4
82800,6,133,4
83700,5,146,4
84600,2,85,4
85500,3,443,4
21600,7,55,5
22500,9,150,5
23400,9,112,5
24300,30,88,5
25200,28,162,5
26100,48,133,5
27000,45,125,5
27900,75,113,5
28800,63,114,5
29700,68,118,5
30600,77,195,5
31500,79,86,5
32400,75,142,5
33300,79,189,5
34200,80,153,5
35100,92,151,5
36000,86,143,5
36900,89,114,5
37800,102,111,5
38700,96,132,5
39600,84,135,5
40500,90,136,5
41400,74,100,5
42300,92,110,5
43200,80,152,5
44100,84,179,5
45000,92,168,5
45900,121,202,5
46800,115,75,5
47700,113,104,5
48600,103,158,5
49500,109,159,5
50400,96,266,5
51300,99,166,5
52200,115,132,5
53100,116,137,5
54000,100,184,5
54900,103,155,5
55800,94,143,5
56700,121,138,5
57600,115,157,5
58500,119,239,5
59400,117,219,5
60300,129,166,5
61200,119,138,5
62100,114,152,5
63000,104,211,5
63900,114,142,5
64800,116,128,5
65700,114,147,5
66600,116,133,5
67500,125,219,5
68400,110,113,5
69300,113,121,5
70200,98,205,5
71100,100,182,5
72000,77,203,5
72900,122,93,5
73800,84,143,5
74700,79,92,5
75600,51,141,5
76500,50,93,5
77400,42,89,5
78300,24,72,5
79200,24,133,5
80100,6,137,5
81000,6,71,5
81900,9,63,5
82800,4,241,5
83700,7,95,5
84600,12,104,5
85500,3,21,5
21600,12,72,6
22500,14,149,6
23400,14,66,6
24300,14,94,6
25200,35,108,6
26100,33,186,6
27000,42,70,6
27900,40,186,6
28800,60,126,6
29700,72,181,6
30600,62,154,6
31500,73,189,6
32400,83,126,6
33300,70,137,6
34200,71,291,6
35100,82,179,6
36000,88,194,6
36900,76,179,6
37800,106,181,6
38700,100,139,6
39600,94,144,6
40500,93,173,6
41400,73,157,6
42300,96,188,6
43200,86,130,6
44100,102,132,6
45000,101,182,6
45900,71,206,6
46800,77,101,6
47700,92,124,6
48600,104,124,6
49500,97,160,6
50400,66,179,6
51300,105,146,6
52200,109,128,6
53100,115,175,6
54000,97,178,6
54900,107,161,6
55800,95,286,6
56700,89,218,6
57600,94,170,6
58500,90,190,6
59400,99,177,6
60300,99,131,6
61200,266,160,6
62100,336,101,6
63000,335,147,6
63900,364,154,6
64800,332,95,6
65700,343,88,6
66600,355,110,6
67500,358,87,6
68400,212,82,6
69300,281,142,6
70200,280,177,6
71100,247,151,6
72000,173,175,6
72900,116,129,6
73800,104,107,6
74700,76,167,6
75600,67,173,6
76500,51,138,6
77400,49,132,6
78300,25,239,6
79200,21,116,6
80100,8,261,6
81000,9,174,6
81900,4,77,6
82800,4,287,6
83700,2,206,6
84600,4,57,6
85500,3,40,6
21600,22,100,7
22500,15,239,7
23400,37,112,7
24300,32,223,7
25200,47,105,7
26100,48,96,7
27000,70,170,7
27900,89,154,7
28800,106,145,7
29700,97,171,7
30600,118,146,7
31500,104,98,7
32400,111,169,7
33300,116,149,7
34200,128,222,7
35100,128,148,7
36000,104,127,7
36900,105,181,7
37800,90,188,7
38700,85,145,7
39600,94,180,7
40500,113,154,7
41400,107,147,7
42300,127,119,7
43200,105,134,7
44100,114,119,7
45000,121,260,7
45900,109,192,7
46800,131,197,7
47700,105,126,7
48600,112,161,7
49500,113,145,7
50400,89,235,7
51300,92,208,7
52200,100,147,7
53100,88,177,7
54000,100,163,7
54900,106,176,7
55800,112,178,7
56700,107,140,7
57600,107,173,7
58500,95,153,7
59400,100,192,7
60300,96,131,7
61200,120,141,7
62100,102,171,7
63000,104,164,7
63900,107,113,7
64800,98,223,7
65700,107,142,7
66600,100,179,7
67500,125,136,7
68400,116,198,7
69300,89,100,7
70200,72,151,7
71100,85,119,7
72000,99,165,7
72900,80,220,7
73800,57,199,7
74700,57,153,7
75600,52,155,7
76500,33,117,7
77400,32,90,7
78300,21,376,7
79200,16,82,7
80100,7,165,7
81000,12,178,7
81900,6,100,7
82800,4,35,7
83700,4,42,7
84600,5,57,7
85500,5,115,7
21600,9,137,8
22500,11,117,8
23400,13,109,8
24300,26,81,8
25200,33,136,8
26100,34,129,8
27000,30,170,8
27900,55,188,8
28800,62,175,8
29700,43,113,8
30600,47,94,8
31500,64,108,8
32400,58,99,8
33300,92,153,8
34200,72,136,8
35100,90,131,8
36000,94,169,8
36900,87,134,8
37800,85,151,8
38700,90,152,8
39600,106,146,8
40500,66,169,8
41400,89,143,8
42300,85,133,8
43200,61,159,8
44100,79,154,8
45000,77,158,8
45900,84,189,8
46800,97,146,8
47700,95,228,8
48600,85,204,8
49500,102,154,8
50400,97,130,8
51300,117,114,8
52200,113,202,8
53100,97,147,8
54000,70,130,8
54900,73,111,8
55800,71,135,8
56700,71,119,8
57600,84,179,8
58500,77,143,8
59400,81,163,8
60300,82,154,8
61200,110,123,8
62100,94,196,8
63000,91,102,8
63900,108,173,8
64800,99,160,8
65700,85,144,8
66600,106,127,8
67500,106,194,8
68400,124,152,8
69300,111,147,8
70200,90,158,8
71100,77,101,8
72000,75,131,8
72900,67,161,8
73800,54,104,8
74700,47,129,8
75600,25,109,8
76500,27,165,8
77400,22,104,8
78300,26,174,8
79200,16,61,8
80100,17,128,8
81000,17,140,8
81900,6,269,8
82800,10,67,8
83700,2,130,8
84600,1,160,8
85500,1,141,8
21600,4,69,9
22500,12,39,9
23400,10,120,9
24300,25,82,9
25200,29,170,9
26100,33,149,9
27000,32,128,9
27900,46,298,9
28800,54,129,9
29700,60,102,9
30600,55,144,9
31500,66,209,9
32400,60,136,9
33300,77,133,9
34200,66,104,9
35100,84,169,9
36000,63,168,9
36900,69,188,9
37800,79,160,9
38700,74,136,9
39600,70,113,9
40500,86,120,9
41400,82,110,9
42300,78,140,9
43200,74,142,9
44100,79,81,9
45000,67,206,9
45900,78,147,9
46800,54,148,9
47700,64,94,9
48600,71,144,9
49500,61,156,9
50400,57,171,9
51300,82,94,9
52200,85,223,9
53100,67,165,9
54000,72,120,9
54900,67,187,9
55800,84,179,9
56700,77,160,9
57600,73,229,9
58500,78,125,9
59400,86,155,9
60300,82,149,9
61200,84,128,9
62100,78,192,9
63000,82,112,9
63900,67,150,9
64800,78,99,9
65700,90,121,9
66600,82,132,9
67500,103,161,9
68400,86,232,9
69300,84,119,9
70200,82,130,9
71100,65,198,9
72000,67,103,9
72900,56,161,9
73800,61,173,9
74700,28,236,9
75600,20,68,9
76500,37,102,9
77400,27,109,9
78300,16,274,9
79200,8,179,9
80100,9,234,9
81000,7,107,9
81900,7,98,9
82800,4,53,9
83700,2,134,9
84600,3,51,9
85500,1,0,9
21600,8,32,10
22500,4,105,10
23400,6,42,10
24300,15,72,10
25200,20,132,10
26100,22,159,10
27000,29,91,10
27900,36,137,10
28800,58,134,10
29700,61,210,10
30600,62,75,10
31500,84,149,10
32400,179,130,10
33300,123,143,10
34200,114,163,10
35100,91,104,10
36000,92,223,10
36900,96,109,10
37800,83,158,10
38700,85,138,10
39600,96,136,10
40500,95,176,10
41400,82,118,10
42300,90,199,10
43200,76,136,10
44100,78,194,10
45000,68,167,10
45900,112,257,10
46800,70,144,10
47700,99,196,10
48600,85,178,10
49500,76,151,10
50400,92,160,10
51300,94,175,10
52200,100,195,10
53100,100,183,10
54000,87,159,10
54900,92,140,10
55800,81,174,10
56700,92,130,10
57600,59,325,10
58500,80,192,10
59400,113,218,10
60300,95,191,10
61200,100,139,10
62100,92,148,10
63000,82,180,10
63900,78,179,10
64800,92,87,10
65700,104,147,10
66600,109,134,10
67500,116,215,10
68400,119,222,10
69300,126,146,10
70200,87,135,10
71100,93,134,10
72000,93,116,10
72900,89,82,10
73800,68,101,10
74700,60,201,10
75600,34,86,10
76500,37,249,10
77400,33,117,10
78300,23,94,10
79200,18,170,10
80100,16,124,10
81000,12,186,10
81900,9,84,10
82800,8,86,10
83700,6,188,10
84600,1,102,10
85500,2,74,10
21600,5,70,11
22500,12,216,11
23400,18,115,11
24300,23,187,11
25200,30,38,11
26100,25,234,11
27000,42,211,11
27900,79,136,11
28800,89,113,11
29700,99,105,11
30600,88,186,11
31500,83,139,11
32400,76,208,11
33300,85,91,11
34200,87,108,11
35100,79,173,11
36000,83,173,11
36900,78,215,11
37800,87,161,11
38700,72,101,11
39600,100,192,11
40500,90,162,11
41400,82,144,11
42300,80,209,11
43200,87,176,11
44100,85,111,11
45000,83,141,11
45900,118,112,11
46800,73,205,11
47700,92,121,11
48600,76,153,11
49500,105,133,11
50400,90,250,11
51300,105,139,11
52200,108,128,11
53100,96,195,11
54000,98,143,11
54900,87,209,11
55800,86,156,11
56700,81,137,11
57600,84,191,11
58500,94,128,11
59400,81,252,11
60300,87,111,11
61200,99,121,11
62100,108,129,11
63000,86,181,11
63900,105,149,11
64800,90,178,11
65700,101,94,11
66600,102,177,11
67500,109,159,11
68400,97,160,11
69300,99,116,11
70200,85,238,11
71100,90,106,11
72000,68,155,11
72900,75,77,11
73800,51,167,11
74700,52,117,11
75600,35,336,11
76500,28,128,11
77400,21,167,11
78300,11,114,11
79200,12,127,11
80100,7,134,11
81000,12,95,11
81900,7,208,11
82800,2,8,11
83700,3,106,11
84600,5,32,11
85500,0,0,11
21600,13,92,12
22500,9,84,12
23400,13,112,12
24300,17,70,12
25200,29,92,12
26100,23,191,12
27000,37,79,12
27900,55,194,12
28800,59,151,12
29700,60,142,12
30600,64,155,12
31500,52,122,12
32400,67,132,12
33300,95,107,12
34200,78,151,12
35100,60,164,12
36000,64,185,12
36900,66,156,12
37800,100,318,12
38700,83,214,12
39600,87,138,12
40500,67,140,12
41400,67,139,12
42300,91,142,12
43200,94,148,12
44100,81,188,12
45000,70,175,12
45900,76,101,12
46800,73,147,12
47700,83,144,12
48600,73,216,12
49500,85,149,12
50400,63,198,12
51300,82,119,12
52200,84,179,12
53100,80,165,12
54000,69,146,12
54900,79,116,12
55800,79,190,12
56700,77,158,12
57600,68,204,12
58500,90,179,12
59400,79,121,12
60300,98,147,12
61200,96,269,12
62100,100,132,12
63000,90,128,12
63900,106,122,12
64800,90,178,12
65700,101,120,12
66600,100,132,12
67500,110,343,12
68400,91,204,12
69300,73,182,12
70200,71,101,12
71100,73,82,12
72000,84,184,12
72900,69,158,12
73800,69,105,12
74700,45,114,12
75600,49,118,12
76500,42,93,12
77400,22,120,12
78300,11,176,12
79200,20,108,12
80100,27,78,12
81000,12,144,12
81900,6,144,12
82800,9,29,12
83700,4,50,12
84600,1,142,12
85500,0,0,12
21600,14,105,13
22500,9,140,13
23400,9,46,13
24300,15,130,13
25200,21,155,13
26100,31,135,13
27000,39,150,13
27900,29,196,13
28800,53,105,13
29700,60,210,13
30600,70,151,13
31500,62,189,13
32400,63,145,13
33300,50,180,13
34200,81,122,13
35100,64,163,13
36000,66,106,13
36900,66,247,13
37800,59,107,13
38700,73,137,13
39600,90,201,13
40500,59,186,13
41400,58,90,13
42300,82,160,13
43200,76,195,13
44100,70,234,13
45000,82,106,13
45900,89,119,13
46800,75,111,13
47700,75,163,13
48600,90,92,13
49500,91,161,13
50400,78,158,13
51300,92,110,13
52200,80,112,13
53100,73,152,13
54000,73,130,13
54900,85,211,13
55800,61,109,13
56700,86,123,13
57600,66,246,13
58500,95,101,13
59400,95,132,13
60300,111,122,13
61200,113,143,13
62100,84,163,13
63000,86,127,13
63900,84,165,13
64800,93,100,13
65700,111,138,13
66600,114,209,13
67500,130,123,13
68400,121,128,13
69300,85,111,13
70200,75,146,13
71100,78,122,13
72000,61,204,13
72900,54,116,13
73800,74,139,13
74700,45,282,13
75600,38,77,13
76500,25,99,13
77400,37,134,13
78300,22,172,13
79200,20,152,13
80100,13,161,13
81000,12,136,13
81900,6,165,13
82800,5,169,13
83700,3,178,13
84600,2,80,13
85500,1,0,13
21600,6,179,14
22500,21,61,14
23400,16,81,14
24300,26,149,14
25200,14,81,14
26100,34,103,14
27000,44,123,14
27900,45,196,14
28800,67,230,14
29700,56,138,14
30600,51,185,14
31500,56,110,14
32400,61,130,14
33300,64,116,14
34200,65,175,14
35100,73,124,14
36000,77,157,14
36900,53,214,14
37800,63,135,14
38700,78,136,14
39600,58,128,14
40500,59,141,14
41400,62,185,14
42300,50,161,14
43200,75,154,14
44100,53,211,14
45000,59,146,14
45900,61,158,14
46800,64,87,14
47700,64,201,14
48600,71,116,14
49500,74,208,14
50400,57,186,14
51300,79,309,14
52200,75,126,14
53100,67,201,14
54000,78,113,14
54900,70,198,14
55800,74,201,14
56700,73,184,14
57600,63,169,14
58500,69,190,14
59400,86,209,14
60300,68,171,14
61200,82,107,14
62100,73,104,14
63000,88,162,14
63900,69,158,14
64800,84,105,14
65700,84,142,14
66600,110,136,14
67500,83,175,14
68400,75,146,14
69300,99,148,14
70200,80,134,14
71100,70,129,14
72000,59,135,14
72900,75,117,14
73800,52,157,14
74700,38,144,14
75600,29,176,14
76500,28,108,14
77400,20,217,14
78300,25,109,14
79200,13,109,14
80100,15,69,14
81000,9,116,14
81900,12,97,14
82800,5,75,14
83700,2,0,14
84600,0,0,14
85500,2,77,14
21600,6,55,15
22500,10,75,15
23400,17,132,15
24300,24,142,15
25200,21,84,15
26100,29,112,15
27000,24,142,15
27900,35,145,15
28800,55,71,15
29700,59,150,15
30600,48,126,15
31500,54,172,15
32400,84,111,15
33300,65,169,15
34200,71,169,15
35100,55,139,15
36000,43,122,15
36900,67,158,15
37800,60,164,15
38700,57,153,15
39600,49,89,15
40500,62,200,15
41400,59,204,15
42300,68,123,15
43200,67,129,15
44100,73,173,15
45000,120,115,15
45900,93,134,15
46800,91,100,15
47700,73,128,15
48600,74,117,15
49500,60,140,15
50400,68,151,15
51300,96,151,15
52200,69,135,15
53100,80,190,15
54000,80,127,15
54900,83,175,15
55800,71,158,15
56700,90,123,15
57600,82,174,15
58500,75,172,15
59400,67,153,15
60300,99,153,15
61200,91,118,15
62100,57,101,15
63000,79,123,15
63900,102,154,15
64800,70,218,15
65700,85,143,15
66600,97,107,15
67500,117,120,15
68400,99,138,15
69300,88,241,15
70200,71,112,15
71100,73,147,15
72000,56,136,15
72900,70,152,15
73800,54,99,15
74700,45,143,15
75600,44,116,15
76500,28,128,15
77400,26,74,15
78300,14,149,15
79200,11,186,15
80100,12,110,15
81000,9,71,15
81900,4,77,15
82800,5,43,15
83700,7,117,15
84600,6,248,15
85500,1,143,15
21600,4,151,16
22500,4,85,16
23400,10,127,16
24300,20,63,16
25200,22,124,16
26100,25,98,16
27000,31,244,16
27900,53,152,16
28800,57,142,16
29700,54,161,16
30600,56,148,16
31500,62,140,16
32400,50,181,16
33300,73,119,16
34200,63,162,16
35100,63,176,16
36000,64,153,16
36900,70,117,16
37800,77,146,16
38700,57,250,16
39600,76,96,16
40500,62,148,16
41400,58,165,16
42300,61,117,16
43200,84,127,16
44100,60,146,16
45000,60,166,16
45900,65,198,16
46800,76,117,16
47700,65,155,16
48600,59,132,16
49500,65,159,16
50400,73,145,16
51300,70,111,16
52200,84,159,16
53100,68,129,16
54000,71,149,16
54900,68,113,16
55800,59,187,16
56700,61,154,16
57600,57,122,16
58500,88,128,16
59400,57,149,16
60300,89,126,16
61200,89,186,16
62100,81,114,16
63000,76,117,16
63900,73,96,16
64800,80,90,16
65700,93,142,16
66600,105,133,16
67500,101,135,16
68400,64,141,16
69300,73,120,16
70200,60,167,16
71100,73,108,16
72000,99,73,16
72900,78,149,16
73800,53,94,16
74700,31,144,16
75600,30,82,16
76500,26,223,16
77400,21,85,16
78300,12,710,16
79200,11,103,16
80100,11,69,16
81000,7,204,16
81900,3,28,16
82800,4,71,16
83700,2,223,16
84600,0,0,16
85500,2,17,16
21600,7,124,17
22500,10,91,17
23400,17,59,17
24300,21,107,17
25200,26,113,17
26100,27,157,17
27000,47,109,17
27900,47,124,17
28800,47,148,17
29700,48,145,17
30600,52,146,17
31500,54,124,17
32400,71,132,17
33300,64,134,17
34200,63,152,17
35100,82,159,17
36000,63,180,17
36900,61,147,17
37800,71,153,17
38700,89,227,17
39600,88,113,17
40500,96,90,17
41400,95,139,17
42300,91,131,17
43200,72,131,17
44100,94,88,17
45000,69,179,17
45900,87,140,17
46800,87,181,17
47700,95,144,17
48600,71,122,17
49500,72,173,17
50400,70,187,17
51300,88,178,17
52200,116,165,17
53100,119,186,17
54000,104,185,17
54900,93,130,17
55800,92,128,17
56700,75,179,17
57600,69,194,17
58500,81,131,17
59400,77,135,17
60300,89,205,17
61200,85,140,17
62100,95,108,17
63000,106,178,17
63900,90,97,17
64800,105,201,17
65700,108,145,17
66600,124,349,17
67500,104,146,17
68400,106,209,17
69300,79,166,17
70200,77,147,17
71100,83,154,17
72000,58,134,17
72900,65,190,17
73800,51,117,17
74700,46,147,17
75600,46,90,17
76500,25,179,17
77400,38,89,17
78300,22,104,17
79200,12,105,17
80100,14,108,17
81000,11,128,17
81900,6,137,17
82800,7,163,17
83700,2,80,17
84600,2,2,17
85500,2,103,17
21600,5,122,18
22500,9,165,18
23400,10,103,18
24300,13,111,18
25200,28,122,18
26100,35,102,18
27000,42,102,18
27900,45,102,18
28800,44,182,18
29700,46,110,18
30600,52,170,18
31500,76,153,18
32400,78,148,18
33300,54,185,18
34200,84,118,18
35100,81,138,18
36000,72,111,18
36900,84,185,18
37800,94,135,18
38700,70,234,18
39600,65,73,18
40500,90,115,18
41400,61,153,18
42300,71,120,18
43200,77,223,18
44100,91,226,18
45000,84,110,18
45900,75,294,18
46800,69,117,18
47700,64,146,18
48600,79,146,18
49500,77,92,18
50400,62,274,18
51300,72,172,18
52200,67,180,18
53100,66,110,18
54000,60,175,18
54900,85,126,18
55800,90,144,18
56700,82,292,18
57600,73,139,18
58500,59,356,18
59400,77,157,18
60300,79,152,18
61200,60,77,18
62100,83,133,18
63000,87,113,18
63900,95,176,18
64800,85,140,18
65700,101,113,18
66600,85,120,18
67500,104,121,18
68400,83,136,18
69300,104,123,18
70200,74,127,18
71100,54,176,18
72000,60,121,18
72900,37,109,18
73800,42,142,18
74700,33,138,18
75600,30,86,18
76500,19,123,18
77400,27,72,18
78300,15,121,18
79200,8,156,18
80100,8,128,18
81000,3,186,18
81900,2,316,18
82800,2,46,18
83700,3,150,18
84600,1,92,18
85500,1,121,18
21600,3,7,19
22500,6,155,19
23400,11,92,19
24300,18,124,19
25200,27,100,19
26100,37,195,19
27000,33,131,19
27900,41,120,19
28800,58,148,19
29700,56,149,19
30600,48,97,19
31500,44,106,19
32400,50,130,19
33300,56,201,19
34200,65,93,19
35100,64,235,19
36000,88,145,19
36900,62,149,19
37800,64,186,19
38700,83,132,19
39600,86,137,19
40500,83,155,19
41400,81,173,19
42300,78,182,19
43200,94,103,19
44100,84,140,19
45000,91,135,19
45900,69,159,19
46800,61,218,19
47700,67,249,19
48600,76,131,19
49500,55,183,19
50400,76,98,19
51300,71,184,19
52200,73,126,19
53100,76,84,19
54000,80,91,19
54900,74,167,19
55800,64,163,19
56700,62,108,19
57600,60,190,19
58500,69,140,19
59400,65,158,19
60300,73,119,19
61200,73,155,19
62100,70,136,19
63000,69,152,19
63900,97,120,19
64800,90,175,19
65700,105,179,19
66600,102,155,19
67500,133,148,19
68400,113,148,19
69300,126,134,19
70200,89,143,19
71100,71,152,19
72000,65,99,19
72900,60,132,19
73800,63,147,19
74700,37,135,19
75600,32,127,19
76500,36,167,19
77400,27,141,19
78300,27,143,19
79200,25,132,19
80100,14,87,19
81000,9,168,19
81900,6,171,19
82800,7,106,19
83700,4,28,19
84600,2,141,19
85500,3,41,19
21600,10,218,20
22500,11,96,20
23400,18,166,20
24300,23,90,20
25200,14,315,20
26100,22,165,20
27000,32,97,20
27900,41,113,20
28800,54,97,20
29700,59,112,20
30600,52,224,20
31500,47,136,20
32400,78,131,20
33300,73,150,20
34200,64,210,20
35100,57,114,20
36000,60,178,20
36900,71,152,20
37800,75,141,20
38700,90,104,20
39600,92,203,20
40500,105,137,20
41400,102,139,20
42300,94,117,20
43200,78,148,20
44100,83,132,20
45000,80,141,20
45900,135,108,20
46800,80,189,20
47700,74,116,20
48600,65,173,20
49500,61,230,20
50400,67,144,20
51300,59,159,20
52200,78,120,20
53100,76,145,20
54000,70,141,20
54900,70,160,20
55800,49,210,20
56700,73,152,20
57600,81,105,20
58500,65,187,20
59400,69,111,20
60300,64,177,20
61200,81,128,20
62100,85,111,20
63000,86,142,20
63900,90,174,20
64800,78,154,20
65700,78,144,20
66600,116,140,20
67500,126,140,20
68400,111,171,20
69300,90,147,20
70200,81,121,20
71100,76,121,20
72000,71,132,20
72900,69,173,20
73800,57,125,20
74700,42,91,20
75600,27,165,20
76500,37,104,20
77400,23,193,20
78300,20,196,20
79200,17,136,20
80100,11,142,20
81000,5,101,20
81900,6,117,20
82800,8,65,20
83700,1,87,20
84600,2,199,20
85500,2,48,20
21600,4,166,21
22500,8,91,21
23400,8,38,21
24300,16,124,21
25200,31,103,21
26100,41,133,21
27000,35,186,21
27900,36,137,21
28800,59,102,21
29700,57,153,21
30600,55,104,21
31500,73,107,21
32400,57,198,21
33300,78,106,21
34200,73,162,21
35100,60,137,21
36000,71,158,21
36900,77,76,21
37800,69,136,21
38700,88,114,21
39600,104,103,21
40500,110,101,21
41400,96,120,21
42300,94,147,21
43200,91,191,21
44100,111,112,21
45000,104,144,21
45900,105,133,21
46800,60,169,21
47700,82,137,21
48600,94,122,21
49500,88,133,21
50400,72,191,21
51300,81,182,21
52200,68,123,21
53100,82,178,21
54000,75,136,21
54900,59,140,21
55800,67,158,21
56700,53,199,21
57600,65,138,21
58500,77,244,21
59400,72,207,21
60300,92,211,21
61200,77,130,21
62100,57,124,21
63000,83,160,21
63900,110,130,21
64800,94,164,21
65700,86,153,21
66600,110,172,21
67500,93,127,21
68400,107,133,21
69300,106,192,21
70200,88,115,21
71100,78,140,21
72000,49,87,21
72900,73,119,21
73800,53,132,21
74700,44,111,21
75600,37,94,21
76500,34,184,21
77400,23,175,21
78300,21,174,21
79200,11,97,21
80100,12,170,21
81000,4,186,21
81900,3,226,21
82800,12,95,21
83700,4,105,21
84600,2,175,21
85500,6,83,21
21600,4,42,22
22500,7,107,22
23400,12,225,22
24300,18,138,22
25200,22,91,22
26100,25,284,22
27000,30,118,22
27900,34,85,22
28800,48,138,22
29700,40,104,22
30600,63,96,22
31500,65,149,22
32400,65,148,22
33300,64,167,22
34200,67,132,22
35100,70,129,22
36000,70,143,22
36900,72,177,22
37800,82,107,22
38700,70,186,22
39600,60,138,22
40500,72,177,22
41400,72,90,22
42300,97,188,22
43200,74,141,22
44100,93,161,22
45000,74,129,22
45900,58,105,22
46800,50,135,22
47700,64,178,22
48600,66,84,22
49500,68,129,22
50400,68,94,22
51300,58,257,22
52200,64,95,22
53100,44,109,22
54000,63,192,22
54900,53,191,22
55800,60,144,22
56700,74,153,22
57600,55,105,22
58500,62,193,22
59400,47,161,22
60300,79,128,22
61200,80,124,22
62100,67,142,22
63000,66,171,22
63900,91,108,22
64800,92,169,22
65700,101,168,22
66600,90,178,22
67500,92,146,22
68400,71,133,22
69300,91,122,22
70200,73,142,22
71100,80,131,22
72000,51,145,22
72900,45,116,22
73800,53,150,22
74700,35,186,22
75600,36,124,22
76500,24,74,22
77400,23,153,22
78300,16,158,22
79200,21,123,22
80100,20,240,22
81000,7,64,22
81900,5,41,22
82800,3,180,22
83700,8,70,22
84600,2,136,22
85500,4,134,22
21600,10,92,23
22500,7,187,23
23400,14,62,23
24300,24,79,23
25200,36,101,23
26100,34,135,23
27000,40,71,23
27900,41,160,23
28800,48,166,23
29700,50,85,23
30600,43,202,23
31500,53,215,23
32400,62,121,23
33300,59,251,23
34200,64,242,23
35100,60,190,23
36000,66,112,23
36900,64,132,23
37800,73,127,23
38700,58,160,23
39600,58,201,23
40500,61,121,23
41400,68,112,23
42300,56,190,23
43200,66,129,23
44100,82,163,23
45000,77,194,23
45900,69,135,23
46800,80,178,23
47700,55,110,23
48600,76,146,23
49500,49,300,23
50400,49,77,23
51300,44,204,23
52200,56,139,23
53100,44,171,23
54000,53,162,23
54900,60,128,23
55800,55,286,23
56700,71,122,23
57600,80,144,23
58500,64,160,23
59400,71,127,23
60300,46,171,23
61200,64,146,23
62100,64,145,23
63000,61,173,23
63900,69,117,23
64800,71,192,23
65700,77,130,23
66600,90,137,23
67500,103,134,23
68400,86,104,23
69300,77,190,23
70200,92,124,23
71100,67,62,23
72000,66,124,23
72900,51,294,23
73800,44,162,23
74700,41,117,23
75600,28,209,23
76500,22,218,23
77400,15,67,23
78300,19,96,23
79200,13,168,23
80100,12,64,23
81000,16,84,23
81900,6,188,23
82800,5,193,23
83700,2,334,23
84600,8,43,23
85500,2,70,23
21600,5,71,24
22500,8,75,24
23400,11,69,24
24300,14,113,24
25200,24,88,24
26100,26,292,24
27000,27,185,24
27900,39,142,24
28800,46,156,24
29700,48,187,24
30600,58,160,24
31500,68,130,24
32400,60,120,24
33300,65,122,24
34200,64,141,24
35100,77,177,24
36000,69,143,24
36900,66,184,24
37800,71,141,24
38700,58,193,24
39600,72,148,24
40500,75,140,24
41400,68,97,24
42300,65,85,24
43200,80,130,24
44100,72,111,24
45000,68,136,24
45900,66,140,24
46800,60,154,24
47700,57,155,24
48600,66,101,24
49500,79,135,24
50400,53,136,24
51300,61,106,24
52200,60,174,24
53100,55,165,24
54000,71,120,24
54900,62,135,24
55800,53,181,24
56700,64,171,24
57600,52,181,24
58500,65,129,24
59400,64,189,24
60300,53,169,24
61200,62,177,24
62100,82,135,24
63000,82,171,24
63900,87,142,24
64800,84,155,24
65700,83,193,24
66600,118,140,24
67500,133,162,24
68400,125,120,24
69300,89,157,24
70200,97,137,24
71100,72,160,24
72000,72,111,24
72900,76,132,24
73800,57,181,24
74700,54,106,24
75600,38,141,24
76500,24,161,24
77400,30,163,24
78300,13,145,24
79200,14,139,24
80100,3,46,24
81000,10,197,24
81900,5,194,24
82800,3,102,24
83700,9,121,24
84600,3,510,24
85500,1,0,24
21600,14,55,25
22500,6,249,25
23400,13,50,25
24300,18,151,25
25200,23,161,25
26100,42,117,25
27000,56,100,25
27900,58,156,25
28800,56,194,25
29700,68,95,25
30600,63,169,25
31500,55,152,25
32400,64,204,25
33300,71,127,25
34200,70,109,25
35100,60,162,25
36000,80,98,25
36900,64,191,25
37800,75,158,25
38700,74,118,25
39600,81,129,25
40500,73,148,25
41400,81,135,25
42300,88,122,25
43200,72,141,25
44100,81,67,25
45000,78,140,25
45900,70,144,25
46800,73,141,25
47700,66,127,25
48600,65,110,25
49500,75,194,25
50400,76,127,25
51300,83,111,25
52200,97,138,25
53100,90,174,25
54000,94,225,25
54900,107,163,25
55800,95,142,25
56700,95,152,25
57600,99,183,25
58500,79,129,25
59400,59,135,25
60300,89,115,25
61200,66,148,25
62100,77,177,25
63000,100,193,25
63900,116,175,25
64800,107,152,25
65700,91,90,25
66600,103,169,25
67500,125,125,25
68400,137,139,25
69300,124,126,25
70200,91,175,25
71100,69,228,25
72000,68,154,25
72900,65,91,25
73800,53,101,25
74700,50,166,25
75600,33,121,25
76500,33,148,25
77400,26,137,25
78300,22,155,25
79200,7,142,25
80100,10,106,25
81000,10,124,25
81900,9,124,25
82800,5,149,25
83700,7,74,25
84600,2,60,25
85500,2,137,25
21600,7,104,26
22500,11,212,26
23400,12,133,26
24300,12,89,26
25200,38,89,26
26100,29,104,26
27000,40,85,26
27900,34,114,26
28800,59,110,26
29700,56,157,26
30600,61,95,26
31500,64,156,26
32400,85,149,26
33300,67,165,26
34200,57,202,26
35100,79,125,26
36000,79,132,26
36900,82,105,26
37800,72,169,26
38700,86,161,26
39600,77,119,26
40500,60,177,26
41400,80,118,26
42300,93,133,26
43200,90,202,26
44100,83,245,26
45000,70,147,26
45900,76,151,26
46800,39,243,26
47700,76,164,26
48600,108,145,26
49500,81,108,26
50400,65,120,26
51300,78,187,26
52200,79,176,26
53100,89,169,26
54000,87,147,26
54900,88,95,26
55800,63,133,26
56700,66,147,26
57600,75,133,26
58500,86,139,26
59400,78,141,26
60300,70,121,26
61200,73,133,26
62100,90,167,26
63000,93,162,26
63900,80,105,26
64800,81,131,26
65700,85,135,26
66600,85,153,26
67500,87,76,26
68400,95,182,26
69300,75,174,26
70200,75,133,26
71100,63,129,26
72000,55,86,26
72900,52,154,26
73800,42,193,26
74700,41,65,26
75600,32,83,26
76500,30,189,26
77400,28,79,26
78300,14,91,26
79200,11,112,26
80100,17,227,26
81000,10,118,26
81900,2,38,26
82800,5,145,26
83700,8,165,26
84600,1,106,26
85500,2,75,26
21600,5,91,27
22500,9,88,27
23400,11,90,27
24300,12,198,27
25200,23,131,27
26100,28,118,27
27000,46,90,27
27900,37,136,27
28800,46,105,27
29700,45,132,27
30600,60,103,27
31500,55,152,27
32400,57,137,27
33300,80,92,27
34200,73,126,27
35100,66,202,27
36000,66,135,27
36900,65,112,27
37800,72,154,27
38700,74,123,27
39600,65,160,27
40500,61,133,27
41400,95,0,27
42300,114,0,27
43200,125,48,27
44100,112,118,27
45000,61,171,27
45900,81,168,27
46800,55,138,27
47700,81,163,27
48600,78,146,27
49500,72,139,27
50400,75,135,27
51300,100,137,27
52200,97,122,27
53100,86,174,27
54000,76,160,27
54900,76,119,27
55800,86,113,27
56700,79,170,27
57600,71,189,27
58500,73,109,27
59400,77,144,27
60300,76,131,27
61200,75,153,27
62100,80,148,27
63000,74,159,27
63900,89,148,27
64800,67,182,27
65700,83,125,27
66600,132,142,27
67500,126,181,27
68400,121,183,27
69300,120,128,27
70200,87,195,27
71100,80,119,27
72000,53,123,27
72900,65,147,27
73800,51,104,27
74700,37,167,27
75600,36,105,27
76500,30,142,27
77400,29,213,27
78300,14,117,27
79200,19,222,27
80100,13,97,27
81000,8,222,27
81900,8,113,27
82800,3,122,27
83700,2,138,27
84600,1,67,27
85500,0,0,27
21600,10,29,28
22500,8,159,28
23400,15,87,28
24300,14,157,28
25200,20,90,28
26100,31,149,28
27000,38,126,28
27900,54,110,28
28800,51,182,28
29700,54,182,28
30600,66,139,28
31500,70,173,28
32400,69,130,28
33300,64,150,28
34200,59,198,28
35100,78,119,28
36000,50,116,28
36900,52,200,28
37800,74,97,28
38700,59,194,28
39600,83,148,28
40500,63,138,28
41400,68,167,28
42300,81,131,28
43200,65,418,28
44100,76,152,28
45000,78,113,28
45900,77,120,28
46800,58,173,28
47700,94,95,28
48600,70,152,28
49500,75,92,28
50400,83,138,28
51300,84,167,28
52200,76,164,28
53100,74,136,28
54000,85,121,28
54900,72,156,28
55800,92,135,28
56700,86,127,28
57600,84,160,28
58500,64,146,28
59400,88,122,28
60300,75,196,28
61200,84,181,28
62100,74,217,28
63000,81,158,28
63900,85,150,28
64800,109,154,28
65700,97,150,28
66600,112,470,28
67500,113,129,28
68400,103,141,28
69300,96,135,28
70200,105,169,28
71100,78,172,28
72000,84,192,28
72900,78,176,28
73800,60,113,28
74700,39,148,28
75600,41,145,28
76500,40,100,28
77400,22,95,28
78300,15,157,28
79200,18,203,28
80100,16,112,28
81000,7,63,28
81900,8,145,28
82800,6,227,28
83700,6,95,28
84600,10,69,28
85500,5,137,28
21600,4,0,29
22500,20,158,29
23400,19,100,29
24300,24,104,29
25200,27,175,29
26100,32,104,29
27000,56,132,29
27900,52,203,29
28800,53,102,29
29700,52,148,29
30600,61,87,29
31500,81,112,29
32400,78,82,29
33300,64,178,29
34200,68,128,29
35100,63,190,29
36000,72,135,29
36900,71,119,29
37800,61,207,29
38700,84,110,29
39600,77,143,29
40500,68,162,29
41400,92,186,29
42300,94,147,29
43200,75,197,29
44100,81,116,29
45000,89,181,29
45900,96,144,29
46800,79,150,29
47700,85,131,29
48600,73,165,29
49500,80,193,29
50400,89,100,29
51300,65,154,29
52200,66,130,29
53100,61,146,29
54000,70,114,29
54900,79,194,29
55800,79,97,29
56700,66,205,29
57600,86,157,29
58500,69,192,29
59400,80,134,29
60300,61,169,29
61200,107,128,29
62100,92,212,29
63000,101,160,29
63900,77,146,29
64800,96,194,29
65700,82,203,29
66600,88,224,29
67500,118,124,29
68400,110,187,29
69300,86,170,29
70200,73,259,29
71100,73,166,29
72000,60,154,29
72900,72,112,29
73800,44,182,29
74700,39,148,29
75600,35,92,29
76500,35,190,29
77400,21,313,29
78300,10,333,29
79200,18,87,29
80100,9,66,29
81000,7,27,29
81900,8,101,29
82800,3,168,29
83700,4,165,29
84600,1,676,29
85500,8,175,29
21600,6,86,30
22500,11,299,30
23400,12,163,30
24300,21,138,30
25200,23,187,30
26100,30,104,30
27000,40,147,30
27900,43,126,30
28800,50,118,30
29700,51,193,30
30600,50,113,30
31500,60,128,30
32400,65,190,30
33300,69,153,30
34200,66,153,30
35100,55,187,30
36000,57,148,30
36900,69,198,30
37800,82,130,30
38700,62,171,30
39600,79,156,30
40500,81,198,30
41400,74,187,30
42300,70,140,30
43200,77,191,30
44100,78,178,30
45000,73,170,30
45900,69,121,30
46800,69,179,30
47700,62,94,30
48600,57,159,30
49500,50,127,30
50400,67,139,30
51300,67,152,30
52200,69,133,30
53100,69,172,30
54000,67,166,30
54900,54,136,30
55800,51,111,30
56700,58,162,30
57600,72,105,30
58500,63,99,30
59400,67,157,30
60300,68,150,30
61200,75,190,30
62100,62,124,30
63000,94,92,30
63900,79,121,30
64800,93,176,30
65700,89,130,30
66600,97,115,30
67500,97,122,30
68400,102,138,30
69300,91,156,30
70200,93,95,30
71100,67,126,30
72000,82,111,30
72900,66,175,30
73800,80,156,30
74700,56,94,30
75600,35,80,30
76500,35,92,30
77400,30,167,30
78300,20,74,30
79200,15,151,30
80100,15,89,30
81000,4,91,30
81900,6,106,30
82800,4,78,30
83700,4,104,30
84600,3,161,30
85500,5,80,30
21600,11,149,31
22500,8,154,31
23400,13,43,31
24300,21,159,31
25200,26,94,31
26100,44,72,31
27000,48,132,31
27900,41,115,31
28800,61,128,31
29700,67,161,31
30600,70,175,31
31500,73,92,31
32400,53,79,31
33300,73,210,31
34200,81,130,31
35100,76,134,31
36000,89,137,31
36900,77,136,31
37800,67,119,31
38700,81,112,31
39600,79,147,31
40500,89,96,31
41400,78,168,31
42300,81,103,31
43200,100,128,31
44100,94,162,31
45000,104,137,31
45900,89,245,31
46800,84,190,31
47700,68,131,31
48600,91,186,31
49500,74,212,31
50400,92,155,31
51300,76,150,31
52200,86,160,31
53100,96,308,31
54000,76,153,31
54900,95,174,31
55800,88,133,31
56700,88,167,31
57600,94,175,31
58500,128,151,31
59400,108,161,31
60300,97,165,31
61200,103,154,31
62100,88,168,31
63000,115,171,31
63900,103,150,31
64800,101,145,31
65700,123,209,31
66600,130,141,31
67500,146,169,31
68400,140,161,31
69300,140,174,31
70200,115,115,31
71100,94,255,31
72000,110,135,31
72900,100,171,31
73800,67,175,31
74700,79,175,31
75600,41,120,31
76500,51,133,31
77400,30,123,31
78300,24,78,31
79200,15,128,31
80100,9,232,31
81000,12,107,31
81900,10,45,31
82800,3,88,31
83700,3,164,31
84600,4,66,31
85500,0,0,31
